engine,query,rewrite_id,speedup,category,note
postgresql,tpcds-q03,rx:18,3.94,Nested loop join becomes hash join,
postgresql,tpcds-q07,rx:29,1.45,Other join method or join order,
postgresql,tpcds-q09,x53d21:3,4.59,Repeated scans become one scan,
postgresql,tpcds-q10,rx:21,9.94,Correlated subquery flattened,
postgresql,tpcds-q15,x53:3,5.7,Nested loop join becomes hash join,
postgresql,tpcds-q17,rx:13,1.62,Repeated scans become one scan,
postgresql,tpcds-q20,rx:16,1.55,Nested loop join becomes hash join,
postgresql,tpcds-q21,x53d21:1,1.74,Nested loop join becomes hash join,
postgresql,tpcds-q22,d21:1,3.42,Better access path,
postgresql,tpcds-q23,x53:18,2.48,Nested loop join becomes hash join,
postgresql,tpcds-q25,rx:18,1.26,Nested loop join becomes hash join,
postgresql,tpcds-q26,rx:6,1.46,Other join method or join order,
postgresql,tpcds-q27,d21:8,1.18,Aggregation method,
postgresql,tpcds-q28,rx:12,1.86,Repeated scans become one scan,
postgresql,tpcds-q31,x53:8,2.63,Aggregation or filter pushed down,
postgresql,tpcds-q32,x53:13,186.43,Repeated scans become one scan,
postgresql,tpcds-q33,rx:5,1.24,Other join method or join order,
postgresql,tpcds-q35,rx:16,6.82,Correlated subquery flattened,
postgresql,tpcds-q36,x53:4,1.31,Nested loop join becomes hash join,
postgresql,tpcds-q38,rx:23,2.47,Nested loop join becomes hash join,
postgresql,tpcds-q39,x53d21:24,5.29,Aggregation or filter pushed down,
postgresql,tpcds-q40,rx:7,1.91,Nested loop join becomes hash join,
postgresql,tpcds-q44,rx:18,1.81,Repeated scans become one scan,
postgresql,tpcds-q45,x53:1,27.85,Nested loop join becomes hash join,
postgresql,tpcds-q46,x53:15,1.18,Nested loop join becomes hash join,
postgresql,tpcds-q49,x53:27,1.4,Aggregation method,
postgresql,tpcds-q54,x53:21,1.9,Nested loop join becomes hash join,
postgresql,tpcds-q56,rx:4,1.52,Other join method or join order,
postgresql,tpcds-q58,rx:2,1.34,Repeated scans become one scan,
postgresql,tpcds-q60,rx:23,2.0,Repeated scans become one scan,
postgresql,tpcds-q61,rx:18,5.56,Repeated scans become one scan,
postgresql,tpcds-q62,x53:3,1.46,Aggregation or filter pushed down,
postgresql,tpcds-q70,x53:12,1.75,Aggregation or filter pushed down,
postgresql,tpcds-q75,x53d21:3,1.45,Repeated scans become one scan,
postgresql,tpcds-q76,rx:13,1.53,Repeated scans become one scan,
postgresql,tpcds-q80,rx:15,1.72,Repeated scans become one scan,
postgresql,tpcds-q82,rx:14,38.52,"Other: join dropped, filter order","rewrite drops the join with store_sales: same result on this data, not equivalent in general"
postgresql,tpcds-q85,x53d21:1,1.26,Other join method or join order,
postgresql,tpcds-q86,x53:6,1.79,Nested loop join becomes hash join,
postgresql,tpcds-q87,rx:7,2.61,Nested loop join becomes hash join,
postgresql,tpcds-q90,rx:4,3.71,Repeated scans become one scan,
postgresql,tpcds-q92,x53:2,410.76,Correlated subquery flattened,
postgresql,tpcds-q95,x53:30,23.84,Repeated scans become one scan,
postgresql,tpcds-q99,rx:5,1.57,Aggregation or filter pushed down,
postgresql,tpch-q02,rx:21,11.86,Correlated subquery flattened,
postgresql,tpch-q05,rx:14,1.53,Better access path,
postgresql,tpch-q10,rx:8,1.42,Aggregation or filter pushed down,
postgresql,tpch-q11,rx:26,1.58,Repeated scans become one scan,
postgresql,tpch-q12,rx:5,1.23,"Other: join dropped, filter order",
postgresql,tpch-q13,x53:9,2.86,Better access path,
postgresql,tpch-q14,rx:13,1.51,Other join method or join order,
postgresql,tpch-q16,x53:2,1.36,Aggregation method,
postgresql,tpch-q17,rx:16,34.15,Correlated subquery flattened,
postgresql,tpch-q18,rx:19,25.57,Repeated scans become one scan,
postgresql,tpch-q20,rx:21,11.81,Correlated subquery flattened,
postgresql,tpch-q21,rx:7,2.45,Better access path,
duckdb,tpcds-q01,rx:26,1.64,Subquery flattened in SQL,
duckdb,tpcds-q09,x53:11,3.54,Table scanned fewer times,
duckdb,tpcds-q10,rx:2,1.56,Subquery flattened in SQL,
duckdb,tpcds-q15,x53:4,2.31,"Same rows, still faster",
duckdb,tpcds-q17,rx:12,1.44,"Same rows, still faster",
duckdb,tpcds-q22,rx:16,5.41,"Same rows, still faster",
duckdb,tpcds-q23,x53:13,1.36,"Same rows, still faster",
duckdb,tpcds-q25,rx:9,1.14,"Same rows, still faster",no real gain when measured again with 1 to 32 threads (1.00 to 1.05x)
duckdb,tpcds-q26,rx:3,1.54,Fewer rows through the plan,
duckdb,tpcds-q31,x53:1,1.18,"Same rows, still faster",
duckdb,tpcds-q32,x53:24,1.96,Table scanned fewer times,
duckdb,tpcds-q35,rx:29,2.19,Subquery flattened in SQL,
duckdb,tpcds-q36,x53:27,3.41,"Same rows, still faster",
duckdb,tpcds-q37,rx:3,1.59,"Same rows, still faster",
duckdb,tpcds-q38,rx:1,1.34,Table scanned fewer times,
duckdb,tpcds-q40,rx:18,2.41,Fewer rows through the plan,
duckdb,tpcds-q43,rx:6,1.22,"Same rows, still faster",
duckdb,tpcds-q46,x53:26,1.62,Fewer rows through the plan,
duckdb,tpcds-q48,x53:21,1.45,Fewer rows through the plan,
duckdb,tpcds-q49,x53:1,1.35,"Same rows, still faster",
duckdb,tpcds-q54,x53:26,2.0,Fewer rows through the plan,
duckdb,tpcds-q58,rx:2,1.59,Table scanned fewer times,
duckdb,tpcds-q64,x53d21:20,1.46,"Same rows, still faster",
duckdb,tpcds-q68,x53:26,1.18,Same plan,
duckdb,tpcds-q69,rx:22,1.62,Subquery flattened in SQL,
duckdb,tpcds-q72,x53:24,1.48,Table scanned fewer times,
duckdb,tpcds-q74,x53:3,2.2,Table scanned fewer times,
duckdb,tpcds-q75,x53:18,1.43,Table scanned fewer times,
duckdb,tpcds-q80,rx:5,1.72,Table scanned fewer times,
duckdb,tpcds-q81,rx:25,1.22,Subquery flattened in SQL,
duckdb,tpcds-q82,rx:1,2.3,"Same rows, still faster",
duckdb,tpcds-q84,x53:1,1.27,"Same rows, still faster",
duckdb,tpcds-q86,x53:1,1.38,"Same rows, still faster",
duckdb,tpcds-q87,rx:11,1.63,Table scanned fewer times,
duckdb,tpcds-q92,x53:3,1.91,Table scanned fewer times,
duckdb,tpcds-q95,x53:1,9.58,Table scanned fewer times,
duckdb,tpcds-q96,rx:21,1.19,Fewer rows through the plan,
duckdb,tpcds-q97,rx:18,1.37,"Same rows, still faster",
duckdb,tpch-q02,rx:12,1.94,Table scanned fewer times,
duckdb,tpch-q10,rx:27,1.8,"Same rows, still faster",
duckdb,tpch-q13,x53:21,1.41,Fewer rows through the plan,
duckdb,tpch-q17,rx:1,2.12,Table scanned fewer times,
duckdb,tpch-q18,rx:23,1.34,Table scanned fewer times,
duckdb,tpch-q19,x53d21:7,1.48,"Same rows, still faster",
duckdb,tpch-q20,rx:21,1.45,Subquery flattened in SQL,
duckdb,tpch-q21,rx:11,1.79,Table scanned fewer times,
duckdb,tpch-q22,rx:18,1.28,Table scanned fewer times,
